{
  "products_info": {
    "accessories": [
      {
        "category": "bag",
        "name": "PARKHOOD ORGANIZER",
        "price": 199,
        "size":{
          "L": "N/A",
          "M": "N/A",
          "S": "N/A"
        },
        "url": [
          "https://firebasestorage.googleapis.com/v0/b/myproject-891fa.appspot.com/o/MyApplication%2Fproduct_image%2Fbag%2Fbag2_black%2Fbag2_black_display_500X500.jpg?alt=media&token=ecd954d0-117c-4c6e-bbbd-7243ddfcffca",
          "https://firebasestorage.googleapis.com/v0/b/myproject-891fa.appspot.com/o/MyApplication%2Fproduct_image%2Fbag%2Fbag2_black%2F1567499550244359_500X500.jpg?alt=media&token=f8225486-bd22-4990-af76-9ed8f1cee26e",
          "https://firebasestorage.googleapis.com/v0/b/myproject-891fa.appspot.com/o/MyApplication%2Fproduct_image%2Fbag%2Fbag2_black%2F15674995474557270_500X500.jpg?alt=media&token=7c07a464-1a28-4b08-9529-e212450be148",
          "https://firebasestorage.googleapis.com/v0/b/myproject-891fa.appspot.com/o/MyApplication%2Fproduct_image%2Fbag%2Fbag2_black%2F15674995445249375_500X500.jpg?alt=media&token=60135bf3-7382-4dcd-8a0e-3ed829825b2b",
          "https://firebasestorage.googleapis.com/v0/b/myproject-891fa.appspot.com/o/MyApplication%2Fproduct_image%2Fbag%2Fbag2_black%2F15674995422098737_500X500.jpg?alt=media&token=e7b6ab80-5420-462e-b320-d2ef915a76c4",
          "https://firebasestorage.googleapis.com/v0/b/myproject-891fa.appspot.com/o/MyApplication%2Fproduct_image%2Fbag%2Fbag2_black%2F15674995341278912_500X500.jpg?alt=media&token=f80a267d-433b-42fd-9179-8a346b028d79",
          "https://firebasestorage.googleapis.com/v0/b/myproject-891fa.appspot.com/o/MyApplication%2Fproduct_image%2Fbag%2Fbag2_black%2F15674995290849837_500X500.jpg?alt=media&token=dd773432-3921-4e09-a0f7-740f8a1128c9"
        ]
      },
      {
        "category": "bag",
        "name": "PARKHOOD ORGANIZER(WHITE)",
        "price": 90,
        "size":{
          "L": "N/A",
          "M": "N/A",
          "S": "N/A"
        },
        "url": [
          "https://firebasestorage.googleapis.com/v0/b/myproject-891fa.appspot.com/o/MyApplication%2Fproduct_image%2Fbag%2Fbag2_white%2Fbag2_white_display_500X500.jpg?alt=media&token=85c4be93-cc14-47b6-bda3-a3cec7a20f67",
          "https://firebasestorage.googleapis.com/v0/b/myproject-891fa.appspot.com/o/MyApplication%2Fproduct_image%2Fbag%2Fbag2_white%2F15541175566728633_500X500.jpg?alt=media&token=4b7bfac6-f70a-4058-9bf8-15ed8a292b59",
          "https://firebasestorage.googleapis.com/v0/b/myproject-891fa.appspot.com/o/MyApplication%2Fproduct_image%2Fbag%2Fbag2_white%2F15541175537468813_500X500.jpg?alt=media&token=8e582c6a-5a02-4652-8b0f-54a62956f5c3",
          "https://firebasestorage.googleapis.com/v0/b/myproject-891fa.appspot.com/o/MyApplication%2Fproduct_image%2Fbag%2Fbag2_white%2F15541175505689115_500X500.jpg?alt=media&token=9a5c3903-37bd-44c7-8319-ecdc2f4b45dd",
          "https://firebasestorage.googleapis.com/v0/b/myproject-891fa.appspot.com/o/MyApplication%2Fproduct_image%2Fbag%2Fbag2_white%2F15541175472751629_500X500.jpg?alt=media&token=a463ad03-0543-4bce-85d5-8c2f882f65dd",
          "https://firebasestorage.googleapis.com/v0/b/myproject-891fa.appspot.com/o/MyApplication%2Fproduct_image%2Fbag%2Fbag2_white%2F155411754033363_500X500.jpg?alt=media&token=830df436-5d26-4ba7-99a0-386bc54e8bf3",
          "https://firebasestorage.googleapis.com/v0/b/myproject-891fa.appspot.com/o/MyApplication%2Fproduct_image%2Fbag%2Fbag2_white%2F15541175354243759_500X500.jpg?alt=media&token=3e854acf-3053-4052-ae10-464c12dad035"
        ]
      },
      {
        "category": "bag",
        "name": "EC ORGANIZER",
        "price": 80,
        "size":{
          "L": "N/A",
          "M": "N/A",
          "S": "N/A"
        },
        "url": [
          "https://firebasestorage.googleapis.com/v0/b/myproject-891fa.appspot.com/o/MyApplication%2Fproduct_image%2Fbag%2Fbag1%2Fbag1_black_display_500X500.jpg?alt=media&token=32b6f8b1-abc7-4d69-b76a-2209b634594d",
          "https://firebasestorage.googleapis.com/v0/b/myproject-891fa.appspot.com/o/MyApplication%2Fproduct_image%2Fbag%2Fbag1%2F1559535502599427_500X500.jpg?alt=media&token=c94517ef-c875-40b7-9f37-4b5e0997a54b",
          "https://firebasestorage.googleapis.com/v0/b/myproject-891fa.appspot.com/o/MyApplication%2Fproduct_image%2Fbag%2Fbag1%2F15595354736452270_500X500.jpg?alt=media&token=5d6344f1-f2e4-474d-be77-d06f49786e79",
          "https://firebasestorage.googleapis.com/v0/b/myproject-891fa.appspot.com/o/MyApplication%2Fproduct_image%2Fbag%2Fbag1%2F15595354967813607_500X500.jpg?alt=media&token=540ec583-e0f6-4cad-8787-4377ca445408",
          "https://firebasestorage.googleapis.com/v0/b/myproject-891fa.appspot.com/o/MyApplication%2Fproduct_image%2Fbag%2Fbag1%2F15595354780496594_500X500.jpg?alt=media&token=36386cb6-29b2-4bbf-975c-fcbb6a10e56e",
          "https://firebasestorage.googleapis.com/v0/b/myproject-891fa.appspot.com/o/MyApplication%2Fproduct_image%2Fbag%2Fbag1%2F15595354656266998_500X500.jpg?alt=media&token=52d60d1f-82d7-4cf1-8dd3-f4321a68ab03",
          "https://firebasestorage.googleapis.com/v0/b/myproject-891fa.appspot.com/o/MyApplication%2Fproduct_image%2Fbag%2Fbag1%2F155953545467141_500X500.jpg?alt=media&token=627e8dfd-ddaa-4a83-9110-14df4d9ec5d3"
        ]
      }
    ],

  "clothes": [
    {
      "category": "jacket",
      "name": "PADDED JACKET",
      "price": 1499,
      "size": {
        "L": 433,
        "M": 125,
        "S": 75
      },
      "url": [
        "https://firebasestorage.googleapis.com/v0/b/myproject-891fa.appspot.com/o/MyApplication%2Fproduct_image%2Fjacket%2Fjacket1%2FJacket1_display_500X500.jpg?alt=media&token=511157de-2327-4d67-8bd4-b46de159b86b",
        "https://firebasestorage.googleapis.com/v0/b/myproject-891fa.appspot.com/o/MyApplication%2Fproduct_image%2Fjacket%2Fjacket1%2F15694727568703556_500X500.jpg?alt=media&token=27dac559-541d-49ae-a262-1c3c6edbc202",
        "https://firebasestorage.googleapis.com/v0/b/myproject-891fa.appspot.com/o/MyApplication%2Fproduct_image%2Fjacket%2Fjacket1%2F15694727549046056_500X500.jpg?alt=media&token=9c4d7e21-8e37-41ab-a07a-4b214bcb7896",
        "https://firebasestorage.googleapis.com/v0/b/myproject-891fa.appspot.com/o/MyApplication%2Fproduct_image%2Fjacket%2Fjacket1%2F15694727524657398_500X500.jpg?alt=media&token=5fcb321c-52d2-448e-bf9f-8650a1b6a118",
        "https://firebasestorage.googleapis.com/v0/b/myproject-891fa.appspot.com/o/MyApplication%2Fproduct_image%2Fjacket%2Fjacket1%2F15694727477047463_500X500.jpg?alt=media&token=84040e12-8cc0-4c10-881d-25acc8d3feaa",
        "https://firebasestorage.googleapis.com/v0/b/myproject-891fa.appspot.com/o/MyApplication%2Fproduct_image%2Fjacket%2Fjacket1%2F15694727444371151_500X500.jpg?alt=media&token=00385d9d-65d4-4fbd-b44e-a9f2ab776b0a",
        "https://firebasestorage.googleapis.com/v0/b/myproject-891fa.appspot.com/o/MyApplication%2Fproduct_image%2Fjacket%2Fjacket1%2F1569472739435191_500X500.jpg?alt=media&token=f57670e0-adf1-4c3c-96b6-b8468926649f",
        "https://firebasestorage.googleapis.com/v0/b/myproject-891fa.appspot.com/o/MyApplication%2Fproduct_image%2Fjacket%2Fjacket1%2F15694727367577693_500X500.jpg?alt=media&token=3c1b7335-6319-49cc-a0dc-b6794fc4fa77",
        "https://firebasestorage.googleapis.com/v0/b/myproject-891fa.appspot.com/o/MyApplication%2Fproduct_image%2Fjacket%2Fjacket1%2F15694727318022286_500X500.jpg?alt=media&token=cc534f0a-1078-47e3-bd4e-9ab6a072745b"
      ]
    },
    {
      "category": "jacket",
      "name": "CLASSIC JACKET(BLACK)",
      "price": 799,
      "size": {
        "L": 43,
        "M": 87,
        "S": 41
      },
      "url": [
        "https://firebasestorage.googleapis.com/v0/b/myproject-891fa.appspot.com/o/MyApplication%2Fproduct_image%2Fjacket%2Fjacket2_black%2Fjacket2_black_display_500X500.jpg?alt=media&token=7269a8cd-f064-47f9-9e30-2baffdb1fdde",
        "https://firebasestorage.googleapis.com/v0/b/myproject-891fa.appspot.com/o/MyApplication%2Fproduct_image%2Fjacket%2Fjacket2_black%2F15675024003084724_500X500.jpg?alt=media&token=259ec5f0-e130-4dfe-95e2-e67e2b53c405",
        "https://firebasestorage.googleapis.com/v0/b/myproject-891fa.appspot.com/o/MyApplication%2Fproduct_image%2Fjacket%2Fjacket2_black%2F15675024003084724_500X500.jpg?alt=media&token=259ec5f0-e130-4dfe-95e2-e67e2b53c405",
        "https://firebasestorage.googleapis.com/v0/b/myproject-891fa.appspot.com/o/MyApplication%2Fproduct_image%2Fjacket%2Fjacket2_black%2F15675024003084724_500X500.jpg?alt=media&token=259ec5f0-e130-4dfe-95e2-e67e2b53c405",
        "https://firebasestorage.googleapis.com/v0/b/myproject-891fa.appspot.com/o/MyApplication%2Fproduct_image%2Fjacket%2Fjacket2_black%2F15675023931462250_500X500.jpg?alt=media&token=55b1b99b-ab10-42fa-8d86-07536f84ac03",
        "https://firebasestorage.googleapis.com/v0/b/myproject-891fa.appspot.com/o/MyApplication%2Fproduct_image%2Fjacket%2Fjacket2_black%2F15675023893207342_500X500.jpg?alt=media&token=9881791c-0d7e-4295-aba9-08290d624db9",
        "https://firebasestorage.googleapis.com/v0/b/myproject-891fa.appspot.com/o/MyApplication%2Fproduct_image%2Fjacket%2Fjacket2_black%2F15675023810374309_500X500.jpg?alt=media&token=0dac5c84-fb44-495f-a3ae-56585268026c",
        "https://firebasestorage.googleapis.com/v0/b/myproject-891fa.appspot.com/o/MyApplication%2Fproduct_image%2Fjacket%2Fjacket2_black%2F15675023774996595_500X500.jpg?alt=media&token=e09d5022-089b-4afd-a4e4-0de2141f6237",
        "https://firebasestorage.googleapis.com/v0/b/myproject-891fa.appspot.com/o/MyApplication%2Fproduct_image%2Fjacket%2Fjacket2_black%2F15675023740618280_500X500.jpg?alt=media&token=c22cccf2-8c7b-4018-a3f4-ea35483cf9f9"
      ]
    },
    {
      "category": "jacket",
      "name": "CLASSIC JACKET(ORANGE)",
      "price": 799,
      "size": {
        "L": 75,
        "M": 22,
        "S": 147
      },
      "url": [
        "https://firebasestorage.googleapis.com/v0/b/myproject-891fa.appspot.com/o/MyApplication%2Fproduct_image%2Fjacket%2Fjacket2_orange%2Fjacket2_orange_display_500X500.jpg?alt=media&token=e2426b3e-a916-4fa6-bcc5-fb4ea1fc255d",
        "https://firebasestorage.googleapis.com/v0/b/myproject-891fa.appspot.com/o/MyApplication%2Fproduct_image%2Fjacket%2Fjacket2_orange%2F15675024067592867_500X500.jpg?alt=media&token=4986256f-4566-4a5b-b9f5-06cff006f2d3",
        "https://firebasestorage.googleapis.com/v0/b/myproject-891fa.appspot.com/o/MyApplication%2Fproduct_image%2Fjacket%2Fjacket2_orange%2F15675024044721643_500X500.jpg?alt=media&token=985dcab8-f465-4c05-a500-8434f99a4529",
        "https://firebasestorage.googleapis.com/v0/b/myproject-891fa.appspot.com/o/MyApplication%2Fproduct_image%2Fjacket%2Fjacket2_orange%2F15675024016094728_500X500.jpg?alt=media&token=4c9c27fc-1205-4ed3-8706-3352169e1c29",
        "https://firebasestorage.googleapis.com/v0/b/myproject-891fa.appspot.com/o/MyApplication%2Fproduct_image%2Fjacket%2Fjacket2_orange%2F15675023968428226_500X500.jpg?alt=media&token=4b1e84ce-5197-41be-92e6-1b6f4f6012fd",
        "https://firebasestorage.googleapis.com/v0/b/myproject-891fa.appspot.com/o/MyApplication%2Fproduct_image%2Fjacket%2Fjacket2_orange%2F1567502394447508_500X500.jpg?alt=media&token=1dc32acb-1bf3-4e38-afce-d2b94621b4fd",
        "https://firebasestorage.googleapis.com/v0/b/myproject-891fa.appspot.com/o/MyApplication%2Fproduct_image%2Fjacket%2Fjacket2_orange%2F15675023894297392_500X500.jpg?alt=media&token=b7153559-c911-47fa-8293-0fa7b8bdf1bb",
        "https://firebasestorage.googleapis.com/v0/b/myproject-891fa.appspot.com/o/MyApplication%2Fproduct_image%2Fjacket%2Fjacket2_orange%2F15675023865435585_500X500.jpg?alt=media&token=7ea56473-c8fe-446d-bdac-8dd2524a912f",
        "https://firebasestorage.googleapis.com/v0/b/myproject-891fa.appspot.com/o/MyApplication%2Fproduct_image%2Fjacket%2Fjacket2_orange%2F15675023827977376_500X500.jpg?alt=media&token=c0989506-e705-4d65-92ac-79b4fb5c9fbb"
      ]
    }
  ]
}
}
